{
    "psi_q_real": [
        0.06975287258806351,
        0.04651538302683513,
        0.12040606818060601,
        0.12503081337968378,
        0.02629321613868422,
        0.13788254894208996,
        0.0813697020450997,
        0.07171060408953106,
        0.07178103870629476,
        0.010557851594477195,
        0.09843020256224615,
        0.12549666287252736,
        0.1133170853579732,
        0.08658502410117176,
        0.001993629212430563,
        0.032779437603592074,
        0.04623930380366796,
        0.09636458122603388,
        0.10534837294198758,
        0.1042664974681875,
        0.10217281492237433,
        0.002262194231972392,
        0.10973458739421657,
        0.12688642869417435,
        0.09592968908874429,
        0.0015392037637089833,
        0.06324072156481063,
        0.1348129718939712,
        0.021118533015234118,
        0.033895345238638255,
        0.14037642181768592,
        0.08690077115486802,
        0.03801630023528393,
        0.09400319946588231,
        0.01440250869341344,
        0.08051292812053416,
        0.03697558627954404,
        0.038873431257409656,
        0.032143258198410796,
        0.05382935553739827,
        0.0524200287651856,
        0.09911390864277854,
        0.03057391269933957,
        0.06389695717677062,
        0.1265887660052399,
        0.02870608905985131,
        0.1315681782350338,
        0.03774232173312587,
        0.019598830059260035,
        0.14204399338533868,
        0.12299575718914603,
        0.020754650547320723,
        0.059354470056744706,
        0.09325117773259538,
        0.0918423958814398,
        0.054765623175908336,
        0.051841812902766404,
        0.09284687173203648,
        0.014075460929960551,
        0.0247058248640228,
        0.11627193363225082,
        0.008428434324535404,
        0.10412678168132147,
        0.04395147923570049
    ],
    "psi_q_imag": [
        0.03875070535156485,
        0.1436590070728175,
        0.05936816328343433,
        0.09478801166413427,
        0.1346655261626685,
        0.12448058508022969,
        0.03131614961044679,
        0.07291667423869397,
        0.08437333990239038,
        0.073971313431051,
        0.0287287631483783,
        0.10471232401381637,
        0.016920703373798036,
        0.03939826358763097,
        0.11821356527144151,
        0.1411945885293227,
        0.09234129477414883,
        0.12379485140660433,
        0.14108996943646723,
        0.12909153418442423,
        0.05731079488308974,
        0.011523921628868547,
        0.10487195247257178,
        0.0442880511784999,
        0.10667091604214736,
        0.1363699712038116,
        0.08547253586708521,
        0.04813864088817391,
        0.05534582158563055,
        0.13155331387612768,
        0.042672066208303105,
        0.13449950541807007,
        0.0239201305869583,
        0.000384958551300517,
        0.10841446388931548,
        0.0011393522208289807,
        0.022326726753363127,
        0.04977661758794461,
        0.0704396692956427,
        0.13921673722492128,
        0.09959991336254075,
        0.06879548067612182,
        0.01894633067265673,
        0.12659538803509005,
        0.06008204564682482,
        0.06104150604266908,
        0.05776470296452706,
        0.13393546486784313,
        0.12340583319970563,
        0.14423389285831556,
        0.13979616589537322,
        0.061487832354493434,
        0.0743643120962417,
        0.022142414770461413,
        0.10974917638080628,
        0.13242126024425882,
        0.10027399964061912,
        0.021879212843830445,
        0.12651877814592957,
        0.10675044616722473,
        0.13418273239699033,
        0.0888370026890062,
        0.13643893333031074,
        0.061250650096784945
    ],
    "psi_c_real": [
        4.9437481913581905e-12,
        2.3575613932512588e-11,
        1.0690194180990853e-10,
        4.609184479790091e-10,
        1.889637511512445e-09,
        7.3662902354829086e-09,
        2.7304552603958223e-08,
        9.623592329155893e-08,
        3.2251898449341244e-07,
        1.0277542087892073e-06,
        3.1141473513292276e-06,
        8.972324375442373e-06,
        2.45802722141132e-05,
        6.403012122388498e-05,
        0.00015859806116002594,
        0.0003735315908669132,
        0.0008365130394630764,
        0.0017812874436584553,
        0.0036067099000795335,
        0.0069439139638518875,
        0.012711984785593735,
        0.022127803772632418,
        0.03662512979784083,
        0.057641589386731314,
        0.08625983759846127,
        0.12274314274049422,
        0.16607404183140476,
        0.2136594892778588,
        0.2613716805886934,
        0.30402604410608275,
        0.3362629052104853,
        0.3536413558140939,
        0.35364135581409395,
        0.3362629052104853,
        0.3040260441060829,
        0.2613716805886934,
        0.21365948927785913,
        0.16607404183140503,
        0.12274314274049433,
        0.08625983759846147,
        0.05764158938673138,
        0.03662512979784083,
        0.022127803772632477,
        0.012711984785593758,
        0.0069439139638518875,
        0.0036067099000795465,
        0.0017812874436584584,
        0.00083651303946308,
        0.0003735315908669138,
        0.00015859806116002594,
        6.403012122388532e-05,
        2.458027221411329e-05,
        8.97232437544242e-06,
        3.1141473513292276e-06,
        1.0277542087892092e-06,
        3.2251898449341477e-07,
        9.62359232915586e-08,
        2.7304552603958223e-08,
        7.366290235482987e-09,
        1.8896375115124716e-09,
        4.609184479790091e-10,
        1.0690194180990928e-10,
        2.3575613932512753e-11,
        4.9437481913581905e-12
    ],
    "psi_c_imag": [
        0.0,
        0.0,
        0.0,
        0.0,
        0.0,
        0.0,
        0.0,
        0.0,
        0.0,
        0.0,
        0.0,
        0.0,
        0.0,
        0.0,
        0.0,
        0.0,
        0.0,
        0.0,
        0.0,
        0.0,
        0.0,
        0.0,
        0.0,
        0.0,
        0.0,
        0.0,
        0.0,
        0.0,
        0.0,
        0.0,
        0.0,
        0.0,
        0.0,
        0.0,
        0.0,
        0.0,
        0.0,
        0.0,
        0.0,
        0.0,
        0.0,
        0.0,
        0.0,
        0.0,
        0.0,
        0.0,
        0.0,
        0.0,
        0.0,
        0.0,
        0.0,
        0.0,
        0.0,
        0.0,
        0.0,
        0.0,
        0.0,
        0.0,
        0.0,
        0.0,
        0.0,
        0.0,
        0.0,
        0.0
    ],
    "A": [
        1.4734643339284204,
        1.11033282251489,
        1.8289505825554646
    ],
    "omega": [
        2.2845727905651896,
        2.571623210188907,
        3.66672969142497
    ],
    "random_seed": 98331050
}